{"q_values": [1.0, 0.0, 0.0, 0.0, 0.0, 0.0, 0.0, 0.0, 0.0, 0.0], "action_counts": [4, 0, 0, 0, 0, 1, 0, 0, 0, 0], "total_steps": 5, "epsilon": 0.09752487531218751, "thresholds": [0.3, 0.3666666666666667, 0.43333333333333335, 0.5, 0.5666666666666667, 0.6333333333333333, 0.7000000000000001, 0.7666666666666668, 0.8333333333333335, 0.9000000000000001]}